k,opponent,seed,seat,win,reason,our_seconds,plies
4,uniform,0,0,1,tipping,0.424221,16
4,uniform,0,1,1,tipping,0.350717,15
4,uniform,1,0,1,tipping,0.460014,16
4,uniform,1,1,1,tipping,0.390523,15
4,course_random,0,0,1,tipping,0.533419,14
4,course_random,0,1,1,tipping,0.390172,17
4,course_random,1,0,1,tipping,0.479600,14
4,course_random,1,1,1,tipping,0.390245,15
4,pressure_exact22,0,0,1,tipping,0.533361,12
4,pressure_exact22,0,1,1,tipping,0.390122,13
4,pressure_exact22,1,0,1,tipping,0.533320,14
4,pressure_exact22,1,1,1,tipping,0.390041,13
4,minimax_exact22,0,0,1,tipping,0.533449,14
4,minimax_exact22,0,1,1,tipping,0.390067,13
4,minimax_exact22,1,0,1,tipping,0.533050,14
4,minimax_exact22,1,1,1,tipping,0.390279,17
8,uniform,0,0,1,tipping,0.647304,28
8,uniform,0,1,1,tipping,0.605288,29
8,uniform,1,0,1,tipping,0.674758,32
8,uniform,1,1,1,tipping,0.674473,31
8,course_random,0,0,1,tipping,0.605644,26
8,course_random,0,1,1,tipping,0.649041,31
8,course_random,1,0,1,tipping,0.607373,28
8,course_random,1,1,1,tipping,0.850725,29
8,pressure_exact22,0,0,1,tipping,0.838818,30
8,pressure_exact22,0,1,1,tipping,0.627416,31
8,pressure_exact22,1,0,1,tipping,0.635998,30
8,pressure_exact22,1,1,0,tipping,0.814704,30
8,minimax_exact22,0,0,1,tipping,0.624737,30
8,minimax_exact22,0,1,0,tipping,0.883041,32
8,minimax_exact22,1,0,1,tipping,0.613091,26
8,minimax_exact22,1,1,1,tipping,0.604601,31
15,uniform,0,0,1,tipping,1.331701,56
15,uniform,0,1,1,tipping,1.544073,55
15,uniform,1,0,0,tipping,1.525721,53
15,uniform,1,1,1,tipping,1.449955,55
15,course_random,0,0,1,tipping,1.433528,60
15,course_random,0,1,1,tipping,1.450373,59
15,course_random,1,0,1,tipping,1.426366,58
15,course_random,1,1,1,tipping,1.436188,55
15,pressure_exact22,0,0,0,tipping,1.521948,53
15,pressure_exact22,0,1,0,tipping,1.518051,56
15,pressure_exact22,1,0,1,tipping,1.231406,52
15,pressure_exact22,1,1,0,tipping,1.482433,56
15,minimax_exact22,0,0,1,tipping,1.230068,54
15,minimax_exact22,0,1,1,tipping,1.233656,53
15,minimax_exact22,1,0,1,tipping,1.124044,52
15,minimax_exact22,1,1,1,tipping,1.126327,53
24,uniform,0,0,1,tipping,1.732270,92
24,uniform,0,1,1,tipping,1.686281,91
24,uniform,1,0,1,tipping,1.746490,92
24,uniform,1,1,0,tipping,1.649581,90
24,course_random,0,0,1,tipping,1.693767,94
24,course_random,0,1,1,tipping,1.642632,93
24,course_random,1,0,1,tipping,1.710798,94
24,course_random,1,1,1,tipping,1.545004,91
24,pressure_exact22,0,0,1,tipping,1.606983,90
24,pressure_exact22,0,1,1,tipping,1.523012,85
24,pressure_exact22,1,0,0,tipping,1.694969,89
24,pressure_exact22,1,1,1,tipping,1.542472,89
24,minimax_exact22,0,0,1,tipping,1.565699,88
24,minimax_exact22,0,1,1,tipping,1.492608,89
24,minimax_exact22,1,0,0,tipping,1.665542,93
24,minimax_exact22,1,1,1,tipping,1.543635,87
